issue_number,topic_index,probability
199680,0,0.6077
199680,1,0.0003
199680,2,0.392
199676,0,0.0003
199676,1,0.0004
199676,2,0.9994
199672,0,0.0005
199672,1,0.0964
199672,2,0.903
199671,0,0.0004
199671,1,0.0005
199671,2,0.999
199664,0,0.8751
199664,1,0.0003
199664,2,0.1247
199662,0,0.0006
199662,1,0.0977
199662,2,0.9017
199644,0,0.0009
199644,1,0.0011
199644,2,0.9981
199642,0,0.0003
199642,1,0.0004
199642,2,0.9993
199634,0,0.0006
199634,1,0.0008
199634,2,0.9986
199633,0,0.999
199633,1,0.0003
199633,2,0.0007
199620,0,0.1342
199620,1,0.0006
199620,2,0.8653
199619,0,0.0004
199619,1,0.0005
199619,2,0.9991
199612,0,0.0003
199612,1,0.0004
199612,2,0.9993
199592,0,0.4227
199592,1,0.0006
199592,2,0.5768
199582,0,0.0001
199582,1,0.1636
199582,2,0.8363
199580,0,0.0007
199580,1,0.127
199580,2,0.8723
199579,0,0.2837
199579,1,0.0006
199579,2,0.7157
199571,0,0.0009
199571,1,0.0011
199571,2,0.9981
199568,0,0.034
199568,1,0.0005
199568,2,0.9655
199563,0,0.3888
199563,1,0.0744
199563,2,0.5367
199553,0,0.0584
199553,1,0.0004
199553,2,0.9412
199543,0,0.0035
199543,1,0.0043
199543,2,0.9922
199542,0,0.439
199542,1,0.0043
199542,2,0.5567
199518,0,0.0007
199518,1,0.0009
199518,2,0.9984
199516,0,0.139
199516,1,0.001
199516,2,0.86
199510,0,0.0007
199510,1,0.0008
199510,2,0.9985
199505,0,0.1592
199505,1,0.0358
199505,2,0.805
199501,0,0.001
199501,1,0.0013
199501,2,0.9976
199495,0,0.0026
199495,1,0.5485
199495,2,0.4489
199494,0,0.0033
199494,1,0.9881
199494,2,0.0086
199493,0,0.0035
199493,1,0.9873
199493,2,0.0093
199490,0,0.9993
199490,1,0.0002
199490,2,0.0005
199489,0,0.9993
199489,1,0.0002
199489,2,0.0005
199483,0,0.0004
199483,1,0.0256
199483,2,0.9739
199456,0,0.2691
199456,1,0.0007
199456,2,0.7302
199454,0,0.0007
199454,1,0.9975
199454,2,0.0018
199449,0,0.1836
199449,1,0.0004
199449,2,0.816
199424,0,0.0007
199424,1,0.9975
199424,2,0.0018
199423,0,0.0007
199423,1,0.9975
199423,2,0.0018
199403,0,0.0603
199403,1,0.4738
199403,2,0.4658
199391,0,0.2566
199391,1,0.0748
199391,2,0.6686
199390,0,0.002
199390,1,0.9124
199390,2,0.0856
199389,0,0.0021
199389,1,0.9922
199389,2,0.0057
199388,0,0.002
199388,1,0.9928
199388,2,0.0052
199387,0,0.0019
199387,1,0.9931
199387,2,0.005
199386,0,0.0019
199386,1,0.9931
199386,2,0.005
199385,0,0.002
199385,1,0.9928
199385,2,0.0052
199384,0,0.0022
199384,1,0.9918
199384,2,0.0059
199383,0,0.0022
199383,1,0.9918
199383,2,0.0059
199382,0,0.0021
199382,1,0.9922
199382,2,0.0057
199381,0,0.0021
199381,1,0.9922
199381,2,0.0057
199380,0,0.0021
199380,1,0.9922
199380,2,0.0057
199378,0,0.002
199378,1,0.9925
199378,2,0.0055
199377,0,0.002
199377,1,0.9928
199377,2,0.0052
199376,0,0.0021
199376,1,0.9922
199376,2,0.0057
199375,0,0.002
199375,1,0.9928
199375,2,0.0052
199374,0,0.0019
199374,1,0.9931
199374,2,0.005
199373,0,0.0018
199373,1,0.9152
199373,2,0.0829
199372,0,0.0018
199372,1,0.9936
199372,2,0.0047
199371,0,0.002
199371,1,0.9928
199371,2,0.0052
199370,0,0.0015
199370,1,0.9944
199370,2,0.0041
199369,0,0.0015
199369,1,0.9944
199369,2,0.0041
199368,0,0.002
199368,1,0.9928
199368,2,0.0052
199367,0,0.002
199367,1,0.9925
199367,2,0.0054
199353,0,0.0035
199353,1,0.7516
199353,2,0.245
199352,0,0.0029
199352,1,0.9895
199352,2,0.0077
199350,0,0.0008
199350,1,0.0009
199350,2,0.9983
199347,0,0.004
199347,1,0.9852
199347,2,0.0108
199346,0,0.0035
199346,1,0.9873
199346,2,0.0093
199345,0,0.1644
199345,1,0.8349
199345,2,0.0008
199339,0,0.9995
199339,1,0.0002
199339,2,0.0004
199338,0,0.9994
199338,1,0.0002
199338,2,0.0004
199337,0,0.9994
199337,1,0.0002
199337,2,0.0004
199333,0,0.0029
199333,1,0.9895
199333,2,0.0077
199332,0,0.0029
199332,1,0.9895
199332,2,0.0077
199331,0,0.004
199331,1,0.9852
199331,2,0.0108
199320,0,0.0029
199320,1,0.9895
199320,2,0.0077
199319,0,0.0027
199319,1,0.99
199319,2,0.0072
199317,0,0.004
199317,1,0.9852
199317,2,0.0108
199314,0,0.0009
199314,1,0.0977
199314,2,0.9013
199313,0,0.0027
199313,1,0.99
199313,2,0.0072
199311,0,0.0033
199311,1,0.9881
199311,2,0.0087
199308,0,0.0006
199308,1,0.1294
199308,2,0.8701
199303,0,0.0005
199303,1,0.0006
199303,2,0.9988
199301,0,0.0035
199301,1,0.9873
199301,2,0.0093
199300,0,0.0037
199300,1,0.9863
199300,2,0.01
199299,0,0.0033
199299,1,0.9881
199299,2,0.0086
199289,0,0.0027
199289,1,0.99
199289,2,0.0072
199288,0,0.0035
199288,1,0.9873
199288,2,0.0093
199277,0,0.0008
199277,1,0.0638
199277,2,0.9354
199265,0,0.0482
199265,1,0.0005
199265,2,0.9513
199259,0,0.0005
199259,1,0.0006
199259,2,0.9988
199258,0,0.0006
199258,1,0.0008
199258,2,0.9986
199257,0,0.2102
199257,1,0.0003
199257,2,0.7895
199256,0,0.0002
199256,1,0.0003
199256,2,0.9994
199251,0,0.0003
199251,1,0.0003
199251,2,0.9994
199250,0,0.0003
199250,1,0.0004
199250,2,0.9993
199246,0,0.004
199246,1,0.9852
199246,2,0.0108
199245,0,0.0033
199245,1,0.9881
199245,2,0.0086
199244,0,0.0031
199244,1,0.9888
199244,2,0.0081
199243,0,0.0031
199243,1,0.9888
199243,2,0.0081
199239,0,0.0002
199239,1,0.0002
199239,2,0.9996
199229,0,0.0008
199229,1,0.0009
199229,2,0.9983
199215,0,0.0011
199215,1,0.0014
199215,2,0.9975
199214,0,0.0008
199214,1,0.001
199214,2,0.9982
199213,0,0.0044
199213,1,0.9839
199213,2,0.0117
199211,0,0.0007
199211,1,0.0008
199211,2,0.9985
199205,0,0.0005
199205,1,0.3177
199205,2,0.6818
199202,0,0.7201
199202,1,0.0002
199202,2,0.2797
199199,0,0.001
199199,1,0.0012
199199,2,0.9978
199198,0,0.0024
199198,1,0.991
199198,2,0.0065
199191,0,0.0289
199191,1,0.0004
199191,2,0.9707
199189,0,0.2998
199189,1,0.0008
199189,2,0.6994
199179,0,0.0837
199179,1,0.0003
199179,2,0.9161
199178,0,0.0006
199178,1,0.0788
199178,2,0.9206
199177,0,0.0048
199177,1,0.9823
199177,2,0.0129
199176,0,0.0044
199176,1,0.9839
199176,2,0.0117
199175,0,0.0044
199175,1,0.9839
199175,2,0.0117
199166,0,0.9995
199166,1,0.0002
199166,2,0.0003
199165,0,0.9154
199165,1,0.0002
199165,2,0.0844
199163,0,0.9996
199163,1,0.0001
199163,2,0.0002
199157,0,0.9996
199157,1,0.0001
199157,2,0.0002
199156,0,0.0003
199156,1,0.1073
199156,2,0.8924
199155,0,0.0002
199155,1,0.0003
199155,2,0.9995
199151,0,0.001
199151,1,0.0294
199151,2,0.9695
199147,0,0.001
199147,1,0.0013
199147,2,0.9976
199143,0,0.0033
199143,1,0.9881
199143,2,0.0087
199142,0,0.0035
199142,1,0.9872
199142,2,0.0093
199141,0,0.0033
199141,1,0.9881
199141,2,0.0087
199140,0,0.0037
199140,1,0.9863
199140,2,0.01
199138,0,0.0003
199138,1,0.5837
199138,2,0.4161
199137,0,0.0007
199137,1,0.9976
199137,2,0.0018
199133,0,0.0008
199133,1,0.001
199133,2,0.9982
199117,0,0.0277
199117,1,0.0182
199117,2,0.954
199106,0,0.0006
199106,1,0.0007
199106,2,0.9988
199098,0,0.1309
199098,1,0.2187
199098,2,0.6503
199097,0,0.0007
199097,1,0.9976
199097,2,0.0018
199096,0,0.0007
199096,1,0.9976
199096,2,0.0018
199069,0,0.0012
199069,1,0.0015
199069,2,0.9974
199067,0,0.6643
199067,1,0.0778
199067,2,0.2579
199058,0,0.0007
199058,1,0.0009
199058,2,0.9984
199057,0,0.1143
199057,1,0.0012
199057,2,0.8845
199054,0,0.0006
199054,1,0.0007
199054,2,0.9987
199053,0,0.001
199053,1,0.0013
199053,2,0.9977
199039,0,0.0026
199039,1,0.9906
199039,2,0.0069
199037,0,0.1094
199037,1,0.0002
199037,2,0.8904
199035,0,0.1539
199035,1,0.0004
199035,2,0.8457
199029,0,0.0006
199029,1,0.2991
199029,2,0.7003
199028,0,0.0003
199028,1,0.289
199028,2,0.7107
199027,0,0.0002
199027,1,0.4201
199027,2,0.5797
199020,0,0.0003
199020,1,0.0003
199020,2,0.9994
199019,0,0.0014
199019,1,0.0017
199019,2,0.9969
199017,0,0.9996
199017,1,0.0001
199017,2,0.0003
199016,0,0.0007
199016,1,0.9975
199016,2,0.0018
199014,0,0.9492
199014,1,0.0493
199014,2,0.0015
199004,0,0.2546
199004,1,0.0014
199004,2,0.744
198998,0,0.0037
198998,1,0.9863
198998,2,0.01
198997,0,0.0037
198997,1,0.9863
198997,2,0.01
198996,0,0.9978
198996,1,0.0007
198996,2,0.0015
198994,0,0.001
198994,1,0.0013
198994,2,0.9976
198993,0,0.0002
198993,1,0.0003
198993,2,0.9995
198991,0,0.0731
198991,1,0.1571
198991,2,0.7697
198989,0,0.0006
198989,1,0.9976
198989,2,0.0017
198987,0,0.1415
198987,1,0.0014
198987,2,0.8571
198980,0,0.0003
198980,1,0.0738
198980,2,0.9259
198969,0,0.0008
198969,1,0.318
198969,2,0.6812
198956,0,0.2271
198956,1,0.1366
198956,2,0.6363
198951,0,0.1601
198951,1,0.0482
198951,2,0.7918
198911,0,0.0007
198911,1,0.9975
198911,2,0.0018
198910,0,0.0007
198910,1,0.9975
198910,2,0.0018
198909,0,0.0007
198909,1,0.9975
198909,2,0.0018
198898,0,0.9996
198898,1,0.0001
198898,2,0.0003
198896,0,0.9996
198896,1,0.0001
198896,2,0.0003
198891,0,0.9996
198891,1,0.0001
198891,2,0.0003
198880,0,0.0011
198880,1,0.0014
198880,2,0.9975
198874,0,0.0003
198874,1,0.0004
198874,2,0.9993
198869,0,0.2254
198869,1,0.1174
198869,2,0.6572
198868,0,0.0012
198868,1,0.0015
198868,2,0.9973
198866,0,0.0012
198866,1,0.0015
198866,2,0.9973
198863,0,0.0009
198863,1,0.0012
198863,2,0.9979
198862,0,0.0009
198862,1,0.0012
198862,2,0.9979
198856,0,0.1062
198856,1,0.0011
198856,2,0.8927
198854,0,0.0014
198854,1,0.0017
198854,2,0.9969
198853,0,0.1374
198853,1,0.0022
198853,2,0.8604
198852,0,0.001
198852,1,0.0013
198852,2,0.9977
198851,0,0.0011
198851,1,0.0014
198851,2,0.9975
198850,0,0.0004
198850,1,0.0103
198850,2,0.9893
198849,0,0.9994
198849,1,0.0002
198849,2,0.0004
198847,0,0.7237
198847,1,0.0099
198847,2,0.2664
198846,0,0.0011
198846,1,0.0014
198846,2,0.9974
198841,0,0.9994
198841,1,0.0002
198841,2,0.0004
198821,0,0.9996
198821,1,0.0001
198821,2,0.0003
198794,0,0.1316
198794,1,0.0002
198794,2,0.8682
198793,0,0.0008
198793,1,0.096
198793,2,0.9032
198792,0,0.0003
198792,1,0.0004
198792,2,0.9993
198734,0,0.0002
198734,1,0.0003
198734,2,0.9995
198714,0,0.0037
198714,1,0.9863
198714,2,0.01
198713,0,0.0037
198713,1,0.9863
198713,2,0.01
198712,0,0.0037
198712,1,0.9863
198712,2,0.01
198709,0,0.0044
198709,1,0.8627
198709,2,0.1329
198708,0,0.6237
198708,1,0.0006
198708,2,0.3757
198698,0,0.2086
198698,1,0.1437
198698,2,0.6477
198694,0,0.0775
198694,1,0.0012
198694,2,0.9213
198693,0,0.0012
198693,1,0.0567
198693,2,0.9421
198691,0,0.9992
198691,1,0.0003
198691,2,0.0006
198682,0,0.0004
198682,1,0.0005
198682,2,0.9991
198676,0,0.0007
198676,1,0.0009
198676,2,0.9984
198671,0,0.0007
198671,1,0.9975
198671,2,0.0018
198669,0,0.0463
198669,1,0.0011
198669,2,0.9526
198667,0,0.0003
198667,1,0.0004
198667,2,0.9993
198664,0,0.0003
198664,1,0.0004
198664,2,0.9993
198663,0,0.0001
198663,1,0.0002
198663,2,0.9997
198657,0,0.0505
198657,1,0.0019
198657,2,0.9475
198652,0,0.0814
198652,1,0.0003
198652,2,0.9183
198636,0,0.1319
198636,1,0.0299
198636,2,0.8383
198633,0,0.0007
198633,1,0.9973
198633,2,0.002
198632,0,0.0007
198632,1,0.9975
198632,2,0.0018
198624,0,0.0012
198624,1,0.0015
198624,2,0.9973
198613,0,0.001
198613,1,0.0012
198613,2,0.9978
198609,0,0.0007
198609,1,0.0009
198609,2,0.9983
198606,0,0.0007
198606,1,0.0008
198606,2,0.9985
198597,0,0.0007
198597,1,0.9973
198597,2,0.002
198596,0,0.0007
198596,1,0.9975
198596,2,0.0019
198595,0,0.0007
198595,1,0.9974
198595,2,0.0019
198594,0,0.0006
198594,1,0.9976
198594,2,0.0017
198584,0,0.0006
198584,1,0.0008
198584,2,0.9986
198583,0,0.0011
198583,1,0.0014
198583,2,0.9975
198582,0,0.0014
198582,1,0.0018
198582,2,0.9967
198581,0,0.1682
198581,1,0.0002
198581,2,0.8316
198580,0,0.0023
198580,1,0.0029
198580,2,0.9948
198579,0,0.0012
198579,1,0.0015
198579,2,0.9973
198578,0,0.0012
198578,1,0.0015
198578,2,0.9973
198577,0,0.0012
198577,1,0.0015
198577,2,0.9972
198574,0,0.0007
198574,1,0.9973
198574,2,0.0019
198568,0,0.4988
198568,1,0.0004
198568,2,0.5008
198567,0,0.3992
198567,1,0.0003
198567,2,0.6004
198566,0,0.3695
198566,1,0.0239
198566,2,0.6065
198563,0,0.0003
198563,1,0.0004
198563,2,0.9993
198562,0,0.09
198562,1,0.0002
198562,2,0.9098
198559,0,0.6448
198559,1,0.0004
198559,2,0.3547
198555,0,0.0012
198555,1,0.0015
198555,2,0.9974
198553,0,0.0011
198553,1,0.0014
198553,2,0.9974
198545,0,0.0013
198545,1,0.0016
198545,2,0.9972
198539,0,0.0009
198539,1,0.0011
198539,2,0.9981
198533,0,0.0007
198533,1,0.0008
198533,2,0.9985
198526,0,0.9336
198526,1,0.0006
198526,2,0.0658
198524,0,0.0007
198524,1,0.9975
198524,2,0.0018
198522,0,0.0814
198522,1,0.0003
198522,2,0.9182
198513,0,0.5361
198513,1,0.0395
198513,2,0.4244
198509,0,0.0946
198509,1,0.0005
198509,2,0.9049
198507,0,0.0006
198507,1,0.0008
198507,2,0.9986
198506,0,0.0242
198506,1,0.1805
198506,2,0.7952
198503,0,0.0006
198503,1,0.111
198503,2,0.8884
198499,0,0.4551
198499,1,0.0013
198499,2,0.5436
198491,0,0.0007
198491,1,0.9975
198491,2,0.0018
198486,0,0.0005
198486,1,0.0006
198486,2,0.9988
198485,0,0.0006
198485,1,0.0007
198485,2,0.9987
198484,0,0.0004
198484,1,0.0006
198484,2,0.999
198478,0,0.9996
198478,1,0.0001
198478,2,0.0003
198475,0,0.0007
198475,1,0.0008
198475,2,0.9985
198473,0,0.0015
198473,1,0.0019
198473,2,0.9966
198471,0,0.155
198471,1,0.0004
198471,2,0.8446
198470,0,0.0006
198470,1,0.0008
198470,2,0.9986
198450,0,0.0006
198450,1,0.0008
198450,2,0.9986
198448,0,0.0001
198448,1,0.0222
198448,2,0.9776
198445,0,0.006
198445,1,0.978
198445,2,0.016
198444,0,0.002
198444,1,0.2893
198444,2,0.7087
198443,0,0.0007
198443,1,0.9974
198443,2,0.0019
198442,0,0.0007
198442,1,0.9974
198442,2,0.0019
198441,0,0.0007
198441,1,0.9975
198441,2,0.0018
198432,0,0.1077
198432,1,0.0001
198432,2,0.8921
198431,0,0.0044
198431,1,0.2607
198431,2,0.7349
198427,0,0.0011
198427,1,0.0014
198427,2,0.9975
198425,0,0.0004
198425,1,0.0005
198425,2,0.9992
198424,0,0.4557
198424,1,0.0004
198424,2,0.5439
198422,0,0.4294
198422,1,0.0008
198422,2,0.5699
198420,0,0.0575
198420,1,0.1208
198420,2,0.8217
198409,0,0.0006
198409,1,0.9977
198409,2,0.0017
198399,0,0.1468
198399,1,0.0005
198399,2,0.8527
198382,0,0.1197
198382,1,0.0944
198382,2,0.7859
198379,0,0.5116
198379,1,0.0013
198379,2,0.4871
198375,0,0.0004
198375,1,0.0006
198375,2,0.999
198373,0,0.0342
198373,1,0.0004
198373,2,0.9654
198372,0,0.2488
198372,1,0.0004
198372,2,0.7508
198367,0,0.0015
198367,1,0.1338
198367,2,0.8647
198364,0,0.0005
198364,1,0.0006
198364,2,0.9989
198345,0,0.0004
198345,1,0.0005
198345,2,0.9991
198344,0,0.329
198344,1,0.0004
198344,2,0.6706
198343,0,0.0009
198343,1,0.0011
198343,2,0.9979
198333,0,0.0002
198333,1,0.0003
198333,2,0.9995
198332,0,0.0007
198332,1,0.0008
198332,2,0.9985
198319,0,0.0044
198319,1,0.9839
198319,2,0.0117
198307,0,0.0004
198307,1,0.0005
198307,2,0.9991
198305,0,0.9997
198305,1,0.0001
198305,2,0.0002
198304,0,0.0587
198304,1,0.2361
198304,2,0.7052
198280,0,0.0006
198280,1,0.0008
198280,2,0.9986
198270,0,0.0006
198270,1,0.0007
198270,2,0.9987
198249,0,0.0005
198249,1,0.0557
198249,2,0.9438
198239,0,0.0003
198239,1,0.0653
198239,2,0.9344
198225,0,0.062
198225,1,0.0002
198225,2,0.9377
198224,0,0.0004
198224,1,0.0004
198224,2,0.9992
198222,0,0.0009
198222,1,0.0011
198222,2,0.998
198206,0,0.0004
198206,1,0.0005
198206,2,0.9991
198205,0,0.0003
198205,1,0.0611
198205,2,0.9386
198201,0,0.0004
198201,1,0.0005
198201,2,0.9991
198197,0,0.0006
198197,1,0.0008
198197,2,0.9986
198192,0,0.0003
198192,1,0.0004
198192,2,0.9993
198190,0,0.0003
198190,1,0.0004
198190,2,0.9994
198189,0,0.0003
198189,1,0.0004
198189,2,0.9993
198187,0,0.0005
198187,1,0.0006
198187,2,0.9989
198186,0,0.0015
198186,1,0.0019
198186,2,0.9966
198185,0,0.0004
198185,1,0.0005
198185,2,0.9991
198183,0,0.0003
198183,1,0.0004
198183,2,0.9993
198182,0,0.0002
198182,1,0.0175
198182,2,0.9823
198181,0,0.0044
198181,1,0.9839
198181,2,0.0117
198180,0,0.0044
198180,1,0.9839
198180,2,0.0117
198175,0,0.0008
198175,1,0.001
198175,2,0.9982
198174,0,0.0009
198174,1,0.0011
198174,2,0.9981
198173,0,0.0008
198173,1,0.001
198173,2,0.9981
198172,0,0.0676
198172,1,0.0007
198172,2,0.9316
198171,0,0.0008
198171,1,0.001
198171,2,0.9982
198155,0,0.0001
198155,1,0.0001
198155,2,0.9998
198152,0,0.0006
198152,1,0.9977
198152,2,0.0017
198151,0,0.0006
198151,1,0.9977
198151,2,0.0017
198150,0,0.0007
198150,1,0.9976
198150,2,0.0018
198149,0,0.0007
198149,1,0.9976
198149,2,0.0018
198148,0,0.0007
198148,1,0.9975
198148,2,0.0018
198147,0,0.0006
198147,1,0.9976
198147,2,0.0017
198146,0,0.0007
198146,1,0.9976
198146,2,0.0018
198145,0,0.0007
198145,1,0.9975
198145,2,0.0018
198144,0,0.0007
198144,1,0.9976
198144,2,0.0018
198143,0,0.0007
198143,1,0.9976
198143,2,0.0018
198142,0,0.0007
198142,1,0.9973
198142,2,0.002
198141,0,0.0007
198141,1,0.9975
198141,2,0.0018
198140,0,0.1911
198140,1,0.0005
198140,2,0.8084
198134,0,0.0004
198134,1,0.0005
198134,2,0.999
198133,0,0.0003
198133,1,0.0004
198133,2,0.9993
198131,0,0.0003
198131,1,0.0004
198131,2,0.9994
198128,0,0.3049
198128,1,0.0013
198128,2,0.6938
198126,0,0.2743
198126,1,0.0005
198126,2,0.7252
198119,0,0.0004
198119,1,0.0005
198119,2,0.9991
198118,0,0.0003
198118,1,0.0004
198118,2,0.9993
198102,0,0.0003
198102,1,0.0004
198102,2,0.9993
198101,0,0.0004
198101,1,0.0005
198101,2,0.9992
198100,0,0.0005
198100,1,0.0006
198100,2,0.9989
198095,0,0.0003
198095,1,0.0004
198095,2,0.9992
198094,0,0.0004
198094,1,0.0005
198094,2,0.9991
198081,0,0.0004
198081,1,0.0005
198081,2,0.9991
198077,0,0.0004
198077,1,0.0005
198077,2,0.9992
198076,0,0.1245
198076,1,0.085
198076,2,0.7904
198075,0,0.0006
198075,1,0.9977
198075,2,0.0017
198074,0,0.0007
198074,1,0.9975
198074,2,0.0018
198072,0,0.0004
198072,1,0.0005
198072,2,0.9991
198071,0,0.0004
198071,1,0.0006
198071,2,0.999
198070,0,0.0004
198070,1,0.0006
198070,2,0.999
198068,0,0.0003
198068,1,0.0003
198068,2,0.9994
198064,0,0.0006
198064,1,0.0008
198064,2,0.9986
198057,0,0.0004
198057,1,0.0004
198057,2,0.9992
198056,0,0.0003
198056,1,0.0004
198056,2,0.9993
198052,0,0.0004
198052,1,0.0005
198052,2,0.9991
198037,0,0.1025
198037,1,0.0002
198037,2,0.8973
198033,0,0.0007
198033,1,0.0009
198033,2,0.9983
198031,0,0.0005
198031,1,0.0007
198031,2,0.9988
198017,0,0.0002
198017,1,0.0002
198017,2,0.9996
198014,0,0.2313
198014,1,0.0049
198014,2,0.7638
198012,0,0.0007
198012,1,0.9974
198012,2,0.0019
197898,0,0.0004
197898,1,0.1062
197898,2,0.8933
197897,0,0.768
197897,1,0.0066
197897,2,0.2254
197896,0,0.0003
197896,1,0.0004
197896,2,0.9993
197895,0,0.0004
197895,1,0.0005
197895,2,0.999
197894,0,0.0006
197894,1,0.0007
197894,2,0.9987
197893,0,0.0004
197893,1,0.0004
197893,2,0.9992
197889,0,0.0002
197889,1,0.0003
197889,2,0.9995
197888,0,0.0004
197888,1,0.0005
197888,2,0.9992
197887,0,0.0002
197887,1,0.0003
197887,2,0.9995
197881,0,0.0006
197881,1,0.9977
197881,2,0.0017
197880,0,0.1698
197880,1,0.0008
197880,2,0.8294
197875,0,0.9996
197875,1,0.0001
197875,2,0.0002
197871,0,0.9995
197871,1,0.0001
197871,2,0.0003
197870,0,0.0005
197870,1,0.0006
197870,2,0.999
197869,0,0.0007
197869,1,0.0008
197869,2,0.9985
197867,0,0.5214
197867,1,0.0002
197867,2,0.4784
197860,0,0.0005
197860,1,0.0006
197860,2,0.9988
197859,0,0.0005
197859,1,0.0007
197859,2,0.9988
197847,0,0.0009
197847,1,0.0521
197847,2,0.9469
197846,0,0.0002
197846,1,0.0002
197846,2,0.9996
197842,0,0.0002
197842,1,0.0002
197842,2,0.9997
197838,0,0.3262
197838,1,0.0001
197838,2,0.6736
197829,0,0.0007
197829,1,0.0008
197829,2,0.9985
197815,0,0.0005
197815,1,0.0006
197815,2,0.9989
197811,0,0.0005
197811,1,0.0006
197811,2,0.9989
197810,0,0.0009
197810,1,0.0011
197810,2,0.9981
197807,0,0.0006
197807,1,0.0008
197807,2,0.9986
197805,0,0.0001
197805,1,0.0001
197805,2,0.9998
197803,0,0.0003
197803,1,0.0213
197803,2,0.9784
197800,0,0.4357
197800,1,0.0303
197800,2,0.534
197796,0,0.0005
197796,1,0.0006
197796,2,0.999
197795,0,0.0005
197795,1,0.0006
197795,2,0.9988
197789,0,0.0992
197789,1,0.0182
197789,2,0.8825
197777,0,0.2533
197777,1,0.0003
197777,2,0.7463
197774,0,0.1899
197774,1,0.0007
197774,2,0.8095
197765,0,0.3652
197765,1,0.3545
197765,2,0.2802
197739,0,0.17
197739,1,0.0014
197739,2,0.8286
197738,0,0.194
197738,1,0.0014
197738,2,0.8046
197718,0,0.0008
197718,1,0.1073
197718,2,0.8919
197716,0,0.0007
197716,1,0.0009
197716,2,0.9983
197715,0,0.0003
197715,1,0.0004
197715,2,0.9992
197709,0,0.979
197709,1,0.0067
197709,2,0.0143
197673,0,0.0006
197673,1,0.0008
197673,2,0.9986
197636,0,0.0003
197636,1,0.0004
197636,2,0.9993
197622,0,0.0002
197622,1,0.0003
197622,2,0.9995
197599,0,0.9983
197599,1,0.0005
197599,2,0.0011
197598,0,0.0023
197598,1,0.0645
197598,2,0.9331
197586,0,0.3286
197586,1,0.0027
197586,2,0.6688
197582,0,0.4734
197582,1,0.0017
197582,2,0.5249
197579,0,0.0006
197579,1,0.9977
197579,2,0.0017
197578,0,0.0006
197578,1,0.9977
197578,2,0.0017
197574,0,0.6056
197574,1,0.0009
197574,2,0.3935
197561,0,0.0318
197561,1,0.0008
197561,2,0.9674
197554,0,0.0003
197554,1,0.0003
197554,2,0.9994
197552,0,0.0003
197552,1,0.426
197552,2,0.5738
197548,0,0.4362
197548,1,0.0085
197548,2,0.5552
197545,0,0.0006
197545,1,0.9977
197545,2,0.0017
197539,0,0.001
197539,1,0.0012
197539,2,0.9978
197524,0,0.0035
197524,1,0.9873
197524,2,0.0092
197523,0,0.0035
197523,1,0.9873
197523,2,0.0093
197522,0,0.0035
197522,1,0.9873
197522,2,0.0092
197521,0,0.0035
197521,1,0.9873
197521,2,0.0092
197520,0,0.0004
197520,1,0.0004
197520,2,0.9992
197519,0,0.0007
197519,1,0.0009
197519,2,0.9984
197517,0,0.0003
197517,1,0.0004
197517,2,0.9994
197516,0,0.1444
197516,1,0.0307
197516,2,0.8248
197515,0,0.4908
197515,1,0.0028
197515,2,0.5064
197514,0,0.0003
197514,1,0.0004
197514,2,0.9994
197512,0,0.0007
197512,1,0.9975
197512,2,0.0018
197511,0,0.0007
197511,1,0.9976
197511,2,0.0018
197493,0,0.299
197493,1,0.0001
197493,2,0.7008
197489,0,0.0012
197489,1,0.0015
197489,2,0.9973
197465,0,0.0011
197465,1,0.0014
197465,2,0.9974
197463,0,0.083
197463,1,0.0003
197463,2,0.9167
197461,0,0.0005
197461,1,0.0006
197461,2,0.9989
197453,0,0.0007
197453,1,0.9974
197453,2,0.0019
197452,0,0.0007
197452,1,0.9975
197452,2,0.0018
197448,0,0.2492
197448,1,0.1339
197448,2,0.6169
197434,0,0.3808
197434,1,0.0018
197434,2,0.6174
197432,0,0.0827
197432,1,0.0011
197432,2,0.9162
197431,0,0.3257
197431,1,0.0014
197431,2,0.6729
197416,0,0.0007
197416,1,0.0008
197416,2,0.9985
197409,0,0.0009
197409,1,0.0011
197409,2,0.998
197408,0,0.0001
197408,1,0.0239
197408,2,0.976
197404,0,0.1166
197404,1,0.0013
197404,2,0.8821
197399,0,0.0007
197399,1,0.0009
197399,2,0.9983
197394,0,0.0007
197394,1,0.9975
197394,2,0.0018
197393,0,0.0007
197393,1,0.9973
197393,2,0.0019
197392,0,0.0007
197392,1,0.9975
197392,2,0.0018
197376,0,0.0007
197376,1,0.0008
197376,2,0.9985
197374,0,0.1068
197374,1,0.063
197374,2,0.8302
197358,0,0.0588
197358,1,0.0005
197358,2,0.9407
197339,0,0.3214
197339,1,0.0884
197339,2,0.5901
197337,0,0.004
197337,1,0.9852
197337,2,0.0108
197336,0,0.004
197336,1,0.9852
197336,2,0.0108
197335,0,0.004
197335,1,0.9852
197335,2,0.0108
197334,0,0.004
197334,1,0.9852
197334,2,0.0108
197312,0,0.5463
197312,1,0.0714
197312,2,0.3823
197246,0,0.0642
197246,1,0.001
197246,2,0.9348
197242,0,0.0008
197242,1,0.0834
197242,2,0.9158
197236,0,0.0005
197236,1,0.0006
197236,2,0.999
197235,0,0.0005
197235,1,0.0006
197235,2,0.999
197211,0,0.0594
197211,1,0.0005
197211,2,0.9401
197198,0,0.6114
197198,1,0.0279
197198,2,0.3607
197196,0,0.1738
197196,1,0.0007
197196,2,0.8255
197180,0,0.0007
197180,1,0.9975
197180,2,0.0018
197144,0,0.0037
197144,1,0.9863
197144,2,0.01
197121,0,0.0024
197121,1,0.0031
197121,2,0.9945
197114,0,0.559
197114,1,0.0003
197114,2,0.4407
197112,0,0.0004
197112,1,0.0005
197112,2,0.9991
197110,0,0.0004
197110,1,0.0005
197110,2,0.9991
197109,0,0.0003
197109,1,0.0004
197109,2,0.9993
197108,0,0.0003
197108,1,0.0003
197108,2,0.9994
197107,0,0.0004
197107,1,0.0005
197107,2,0.999
197106,0,0.0004
197106,1,0.0005
197106,2,0.9991
197105,0,0.0004
197105,1,0.0005
197105,2,0.9991
197104,0,0.0004
197104,1,0.0766
197104,2,0.923
197103,0,0.0004
197103,1,0.0006
197103,2,0.999
197102,0,0.0004
197102,1,0.0005
197102,2,0.9991
197101,0,0.0003
197101,1,0.0003
197101,2,0.9994
197099,0,0.0003
197099,1,0.0003
197099,2,0.9994
197098,0,0.0002
197098,1,0.0003
197098,2,0.9995
197097,0,0.0003
197097,1,0.0003
197097,2,0.9994
197096,0,0.0003
197096,1,0.0741
197096,2,0.9257
197095,0,0.0003
197095,1,0.0003
197095,2,0.9994
197094,0,0.0004
197094,1,0.0005
197094,2,0.9991
197093,0,0.0004
197093,1,0.0006
197093,2,0.999
197092,0,0.0003
197092,1,0.0003
197092,2,0.9994
197091,0,0.0003
197091,1,0.0003
197091,2,0.9994
197090,0,0.0003
197090,1,0.0004
197090,2,0.9993
197089,0,0.0002
197089,1,0.0002
197089,2,0.9996
197088,0,0.0003
197088,1,0.0003
197088,2,0.9994
197087,0,0.0003
197087,1,0.0003
197087,2,0.9994
