topic_index,display_label,rank,word,probability
3,Wheel / NumPy / Build,1,wheel,0.0151
3,Wheel / NumPy / Build,2,numpy,0.012
3,Wheel / NumPy / Build,3,build,0.0118
3,Wheel / NumPy / Build,4,set,0.0118
3,Wheel / NumPy / Build,5,fit,0.0108
3,Wheel / NumPy / Build,6,release,0.0103
3,Wheel / NumPy / Build,7,model,0.0095
3,Wheel / NumPy / Build,8,core,0.0087
3,Wheel / NumPy / Build,9,version,0.0086
3,Wheel / NumPy / Build,10,bug,0.0082
3,Wheel / NumPy / Build,11,python,0.0081
3,Wheel / NumPy / Build,12,run,0.0081
3,Wheel / NumPy / Build,13,user,0.0079
3,Wheel / NumPy / Build,14,support,0.0077
3,Wheel / NumPy / Build,15,code,0.0076
7,Feature / Return / Pandas,1,feature,0.0293
7,Feature / Return / Pandas,2,return,0.0141
7,Feature / Return / Pandas,3,pandas,0.0134
7,Feature / Return / Pandas,4,fit,0.0121
7,Feature / Return / Pandas,5,value,0.0112
7,Feature / Return / Pandas,6,step,0.0111
7,Feature / Return / Pandas,7,column,0.0101
7,Feature / Return / Pandas,8,fold,0.0101
7,Feature / Return / Pandas,9,nan,0.0101
7,Feature / Return / Pandas,10,bug,0.0092
7,Feature / Return / Pandas,11,case,0.0092
7,Feature / Return / Pandas,12,fetch,0.0089
7,Feature / Return / Pandas,13,inf,0.0089
7,Feature / Return / Pandas,14,give,0.0083
7,Feature / Return / Pandas,15,code,0.008
8,Test / Ci / Fail,1,test,0.0451
8,Test / Ci / Fail,2,ci,0.0297
8,Test / Ci / Fail,3,fail,0.029
8,Test / Ci / Fail,4,category,0.0235
8,Test / Ci / Fail,5,unknown,0.0173
8,Test / Ci / Fail,6,failure,0.0159
8,Test / Ci / Fail,7,unit,0.015
8,Test / Ci / Fail,8,conda,0.0116
8,Test / Ci / Fail,9,warning,0.0115
8,Test / Ci / Fail,10,value,0.0112
8,Test / Ci / Fail,11,linux,0.0107
8,Test / Ci / Fail,12,file,0.0102
8,Test / Ci / Fail,13,last,0.0099
8,Test / Ci / Fail,14,error,0.0099
8,Test / Ci / Fail,15,drop,0.0098
6,Estimator / Call / Bug,1,estimator,0.0177
6,Estimator / Call / Bug,2,call,0.0155
6,Estimator / Call / Bug,3,bug,0.0128
6,Estimator / Call / Bug,4,metadata,0.0124
6,Estimator / Call / Bug,5,request,0.0124
6,Estimator / Call / Bug,6,code,0.0118
6,Estimator / Call / Bug,7,add,0.0108
6,Estimator / Call / Bug,8,user,0.0103
6,Estimator / Call / Bug,9,check,0.0102
6,Estimator / Call / Bug,10,forge,0.0086
6,Estimator / Call / Bug,11,conda,0.0086
6,Estimator / Call / Bug,12,step,0.0086
6,Estimator / Call / Bug,13,find,0.0082
6,Estimator / Call / Bug,14,version,0.0082
6,Estimator / Call / Bug,15,interest,0.0079
2,Documentation / Estimator / Code,1,documentation,0.0393
2,Documentation / Estimator / Code,2,estimator,0.0262
2,Documentation / Estimator / Code,3,code,0.0197
2,Documentation / Estimator / Code,4,user,0.0193
2,Documentation / Estimator / Code,5,attribute,0.0156
2,Documentation / Estimator / Code,6,example,0.0154
2,Documentation / Estimator / Code,7,html,0.0151
2,Documentation / Estimator / Code,8,fit,0.0146
2,Documentation / Estimator / Code,9,describe,0.013
2,Documentation / Estimator / Code,10,value,0.0122
2,Documentation / Estimator / Code,11,bug,0.0122
2,Documentation / Estimator / Code,12,shape,0.0107
2,Documentation / Estimator / Code,13,machine,0.0106
2,Documentation / Estimator / Code,14,notice,0.0105
2,Documentation / Estimator / Code,15,array,0.0102
1,Weight / Documentation / Describe,1,weight,0.0234
1,Weight / Documentation / Describe,2,documentation,0.0171
1,Weight / Documentation / Describe,3,describe,0.0166
1,Weight / Documentation / Describe,4,suggest,0.0147
1,Weight / Documentation / Describe,5,class,0.0144
1,Weight / Documentation / Describe,6,error,0.0135
1,Weight / Documentation / Describe,7,link,0.0123
1,Weight / Documentation / Describe,8,array,0.0114
1,Weight / Documentation / Describe,9,int,0.0111
1,Weight / Documentation / Describe,10,potential,0.011
1,Weight / Documentation / Describe,11,open,0.0105
1,Weight / Documentation / Describe,12,user,0.0101
1,Weight / Documentation / Describe,13,alternative,0.0101
1,Weight / Documentation / Describe,14,run,0.0096
1,Weight / Documentation / Describe,15,callback,0.0081
4,Thread / API / Array,1,thread,0.0417
4,Thread / API / Array,2,api,0.0197
4,Thread / API / Array,3,array,0.0169
4,Thread / API / Array,4,pool,0.0138
4,Thread / API / Array,5,describe,0.0138
4,Thread / API / Array,6,sparse,0.0124
4,Thread / API / Array,7,core,0.0102
4,Thread / API / Array,8,code,0.0101
4,Thread / API / Array,9,process,0.0096
4,Thread / API / Array,10,case,0.0095
4,Thread / API / Array,11,documentation,0.009
4,Thread / API / Array,12,add,0.0087
4,Thread / API / Array,13,user,0.0087
4,Thread / API / Array,14,torch,0.0086
4,Thread / API / Array,15,call,0.0078
9,Describe / Propose / Threshold,1,describe,0.0404
9,Describe / Propose / Threshold,2,propose,0.0195
9,Describe / Propose / Threshold,3,threshold,0.019
9,Describe / Propose / Threshold,4,response,0.0182
9,Describe / Propose / Threshold,5,class,0.0167
9,Describe / Propose / Threshold,6,method,0.0152
9,Describe / Propose / Threshold,7,workflow,0.0148
9,Describe / Propose / Threshold,8,solution,0.0148
9,Describe / Propose / Threshold,9,enable,0.0144
9,Describe / Propose / Threshold,10,score,0.0139
9,Describe / Propose / Threshold,11,alternative,0.0136
9,Describe / Propose / Threshold,12,consider,0.0125
9,Describe / Propose / Threshold,13,return,0.0125
9,Describe / Propose / Threshold,14,value,0.0123
9,Describe / Propose / Threshold,15,relevant,0.0122
0,Parameter / Module / Name,1,parameter,0.0287
0,Parameter / Module / Name,2,module,0.0217
0,Parameter / Module / Name,3,name,0.0208
0,Parameter / Module / Name,4,model,0.0204
0,Parameter / Module / Name,5,example,0.02
0,Parameter / Module / Name,6,mean,0.0125
0,Parameter / Module / Name,7,user,0.0121
0,Parameter / Module / Name,8,selection,0.0119
0,Parameter / Module / Name,9,initialization,0.0116
0,Parameter / Module / Name,10,warn,0.0112
0,Parameter / Module / Name,11,search,0.0109
0,Parameter / Module / Name,12,workflow,0.0109
0,Parameter / Module / Name,13,fail,0.0105
0,Parameter / Module / Name,14,setting,0.0103
0,Parameter / Module / Name,15,guide,0.01
5,Test / Matrix / False,1,test,0.1742
5,Test / Matrix / False,2,matrix,0.0717
5,Test / Matrix / False,3,false,0.0672
5,Test / Matrix / False,4,sparse,0.0584
5,Test / Matrix / False,5,shape,0.0447
5,Test / Matrix / False,6,output,0.0438
5,Test / Matrix / False,7,array,0.0431
5,Test / Matrix / False,8,input,0.0315
5,Test / Matrix / False,9,true,0.029
5,Test / Matrix / False,10,feature,0.0213
5,Test / Matrix / False,11,float64,0.0179
5,Test / Matrix / False,12,auto,0.0179
5,Test / Matrix / False,13,float32,0.0179
5,Test / Matrix / False,14,dense,0.0178
5,Test / Matrix / False,15,average,0.0167
